﻿pos_x,pos_y,rotation,side,designator,mpn,pack,footprint,value,mount_type
146.05,-75.946,0.0,top,DS1,,,LTC_5623G-SDIP,LTC-55623G,tht
132.08,-58.42,90.0,top,J3,,,PinHeader_1x12_P2.54mm_Vertical,Conn_01x12_Pin,tht
122.682,-99.314,90.0,top,R1,,,R_Axial_DIN0207_L6.3mm_D2.5mm_P7.62mm_Horizontal,660,tht
161.544,-99.314,90.0,top,R2,,,R_Axial_DIN0207_L6.3mm_D2.5mm_P7.62mm_Horizontal,660,tht
150.622,-99.314,90.0,top,R3,,,R_Axial_DIN0207_L6.3mm_D2.5mm_P7.62mm_Horizontal,660,tht
141.478,-99.314,90.0,top,R4,,,R_Axial_DIN0207_L6.3mm_D2.5mm_P7.62mm_Horizontal,660,tht
136.144,-99.314,90.0,top,R5,,,R_Axial_DIN0207_L6.3mm_D2.5mm_P7.62mm_Horizontal,660,tht
130.048,-99.314,90.0,top,R6,,,R_Axial_DIN0207_L6.3mm_D2.5mm_P7.62mm_Horizontal,660,tht
154.94,-99.314,90.0,top,R7,,,R_Axial_DIN0207_L6.3mm_D2.5mm_P7.62mm_Horizontal,660,tht
146.05,-99.314,90.0,top,R8,,,R_Axial_DIN0207_L6.3mm_D2.5mm_P7.62mm_Horizontal,660,tht
154.94,-112.776,-90.0,top,U1,,,DIP-16_W7.62mm_Socket,74AHC595,tht
